Metric,Company,Year,Values,Source,Existing,Checked
"Global Reporting Initiative+Direct greenhouse gas (GHG) emissions (Scope 1), GRI 305-1-a (formerly G4-EN15-a)",Unilever,2021,565988,https://wikirate.org/~13010446,Yes,
"Global Reporting Initiative+Direct greenhouse gas (GHG) emissions (Scope 1), GRI 305-1-a (formerly G4-EN15-a)",Unilever,2020,606771,https://wikirate.org/~12127060,Yes,
"Global Reporting Initiative+Direct greenhouse gas (GHG) emissions (Scope 1), GRI 305-1-a (formerly G4-EN15-a)",Unilever,2019,626672,https://wikirate.org/~6788324,Yes,
"Global Reporting Initiative+Direct greenhouse gas (GHG) emissions (Scope 1), GRI 305-1-a (formerly G4-EN15-a)",Unilever,2018,731927,https://wikirate.org/~5672222,Yes,
"Global Reporting Initiative+Direct greenhouse gas (GHG) emissions (Scope 1), GRI 305-1-a (formerly G4-EN15-a)",Unilever,2016,882973,https://wikirate.org/~2902703,Fixed,
"Global Reporting Initiative+Indirect greenhouse gas (GHG) emissions (Scope 2), GRI 305-2 (formerly G4-EN16-a)",Unilever,2021,144752,https://wikirate.org/~13010446,Yes,
"Global Reporting Initiative+Indirect greenhouse gas (GHG) emissions (Scope 2), GRI 305-2 (formerly G4-EN16-a)",Unilever,2020,171906,https://wikirate.org/~12127060,Yes,
"Global Reporting Initiative+Indirect greenhouse gas (GHG) emissions (Scope 2), GRI 305-2 (formerly G4-EN16-a)",Unilever,2019,410159,https://wikirate.org/~6788324,Yes,
"Global Reporting Initiative+Indirect greenhouse gas (GHG) emissions (Scope 2), GRI 305-2 (formerly G4-EN16-a)",Unilever,2018,827091,https://wikirate.org/~5672222,Yes,
"Global Reporting Initiative+Indirect greenhouse gas (GHG) emissions (Scope 2), GRI 305-2 (formerly G4-EN16-a)",Unilever,2016,1007953,https://wikirate.org/~2902703,Fixed,
"Global Reporting Initiative+Indirect greenhouse gas (GHG) emissions (Scope 3), GRI 305-3 (formerly G4-EN17-a)",Unilever,2021,61007131,https://wikirate.org/~13010446,Yes,
"Global Reporting Initiative+Indirect greenhouse gas (GHG) emissions (Scope 3), GRI 305-3 (formerly G4-EN17-a)",Unilever,2020,60388592,https://wikirate.org/~12127060,Yes,
"Global Reporting Initiative+Indirect greenhouse gas (GHG) emissions (Scope 3), GRI 305-3 (formerly G4-EN17-a)",Unilever,2019,58558031,https://wikirate.org/~6788324,Yes,
"Global Reporting Initiative+Indirect greenhouse gas (GHG) emissions (Scope 3), GRI 305-3 (formerly G4-EN17-a)",Unilever,2018,59250469,https://wikirate.org/~5672222,Yes,
"Global Reporting Initiative+Indirect greenhouse gas (GHG) emissions (Scope 3), GRI 305-3 (formerly G4-EN17-a)",Unilever,2016,61118867,https://www.unilever.com/files/ea01feea-6d32-461a-b734-2123f66627b7/unilever-sustainability-performance-data-climate.xlsx,Fixed,
Science Based Targets Initiative (SBTi)+Science Based Target Classification,Unilever,2019,1.5Â°C,https://wikirate.org/~6321626,Yes,
Science Based Targets Initiative (SBTi)+Science Based Target Classification,Unilever,2018,1.5Â°C,https://wikirate.org/~6321626,Yes,
Science Based Targets Initiative (SBTi)+Science Based Target Classification,Unilever,2017,1.5Â°C,https://wikirate.org/~6321626,Yes,
Science Based Targets Initiative (SBTi)+Science Based Targets Status,Unilever,2021,Targets Set,https://wikirate.org/~8081005,Yes,
Science Based Targets Initiative (SBTi)+Science Based Targets Status,Unilever,2019,Targets Set,https://wikirate.org/~6321626,Yes,
Science Based Targets Initiative (SBTi)+Science Based Targets Status,Unilever,2018,Targets Set,https://wikirate.org/~6321626,Yes,
Science Based Targets Initiative (SBTi)+Science Based Targets Status,Unilever,2017,Targets Set,https://wikirate.org/~6321626,Yes,
"Global Reporting Initiative+Direct greenhouse gas (GHG) emissions (Scope 1), GRI 305-1-a (formerly G4-EN15-a)",Unilever,2015,890801,https://www.unilever.com/files/ea01feea-6d32-461a-b734-2123f66627b7/unilever-sustainability-performance-data-climate.xlsx,No,
"Global Reporting Initiative+Indirect greenhouse gas (GHG) emissions (Scope 2), GRI 305-2 (formerly G4-EN16-a)",Unilever,2015,1071076,https://www.unilever.com/files/ea01feea-6d32-461a-b734-2123f66627b7/unilever-sustainability-performance-data-climate.xlsx,No,
"Global Reporting Initiative+Indirect greenhouse gas (GHG) emissions (Scope 3), GRI 305-3 (formerly G4-EN17-a)",Unilever,2015,57758578,https://www.unilever.com/files/ea01feea-6d32-461a-b734-2123f66627b7/unilever-sustainability-performance-data-climate.xlsx,No,
"Global Reporting Initiative+Direct greenhouse gas (GHG) emissions (Scope 1), GRI 305-1-a (formerly G4-EN15-a)",Unilever,2017,820355,https://www.unilever.com/files/ea01feea-6d32-461a-b734-2123f66627b7/unilever-sustainability-performance-data-climate.xlsx,No,
"Global Reporting Initiative+Indirect greenhouse gas (GHG) emissions (Scope 2), GRI 305-2 (formerly G4-EN16-a)",Unilever,2017,938944,https://www.unilever.com/files/ea01feea-6d32-461a-b734-2123f66627b7/unilever-sustainability-performance-data-climate.xlsx,No,
"Global Reporting Initiative+Indirect greenhouse gas (GHG) emissions (Scope 3), GRI 305-3 (formerly G4-EN17-a)",Unilever,2017,59823314,https://www.unilever.com/files/ea01feea-6d32-461a-b734-2123f66627b7/unilever-sustainability-performance-data-climate.xlsx,No,
Total_energy_use,Unilever,2021,23566289,https://www.unilever.com/files/ea01feea-6d32-461a-b734-2123f66627b7/unilever-sustainability-performance-data-climate.xlsx,No,
Total_energy_use,Unilever,2020,23547483,https://www.unilever.com/files/ea01feea-6d32-461a-b734-2123f66627b7/unilever-sustainability-performance-data-climate.xlsx,No,
Total_energy_use,Unilever,2019,23932970,https://www.unilever.com/files/ea01feea-6d32-461a-b734-2123f66627b7/unilever-sustainability-performance-data-climate.xlsx,No,
Total_energy_use,Unilever,2018,25907758,https://www.unilever.com/files/ea01feea-6d32-461a-b734-2123f66627b7/unilever-sustainability-performance-data-climate.xlsx,No,
Total_energy_use,Unilever,2017,26507528,https://www.unilever.com/files/ea01feea-6d32-461a-b734-2123f66627b7/unilever-sustainability-performance-data-climate.xlsx,No,
Total_energy_use,Unilever,2016,27267621,https://www.unilever.com/files/ea01feea-6d32-461a-b734-2123f66627b7/unilever-sustainability-performance-data-climate.xlsx,No,
Total_energy_use,Unilever,2015,27080563,https://www.unilever.com/files/ea01feea-6d32-461a-b734-2123f66627b7/unilever-sustainability-performance-data-climate.xlsx,No,
Renewable_energy_use,Unilever,2021,12780843,https://www.unilever.com/files/ea01feea-6d32-461a-b734-2123f66627b7/unilever-sustainability-performance-data-climate.xlsx,No,
Renewable_energy_use,Unilever,2020,12220132,https://www.unilever.com/files/ea01feea-6d32-461a-b734-2123f66627b7/unilever-sustainability-performance-data-climate.xlsx,No,
Renewable_energy_use,Unilever,2019,10967332,https://www.unilever.com/files/ea01feea-6d32-461a-b734-2123f66627b7/unilever-sustainability-performance-data-climate.xlsx,No,
Renewable_energy_use,Unilever,2018,9495335,https://www.unilever.com/files/ea01feea-6d32-461a-b734-2123f66627b7/unilever-sustainability-performance-data-climate.xlsx,No,
Renewable_energy_use,Unilever,2017,8899486,https://www.unilever.com/files/ea01feea-6d32-461a-b734-2123f66627b7/unilever-sustainability-performance-data-climate.xlsx,No,
Renewable_energy_use,Unilever,2016,8616568,https://www.unilever.com/files/ea01feea-6d32-461a-b734-2123f66627b7/unilever-sustainability-performance-data-climate.xlsx,No,
Renewable_energy_use,Unilever,2015,7663799,https://www.unilever.com/files/ea01feea-6d32-461a-b734-2123f66627b7/unilever-sustainability-performance-data-climate.xlsx,No,
Renewable_Purchased_Offsite,Unilever,2021,9.8,https://www.unilever.com/files/ea01feea-6d32-461a-b734-2123f66627b7/unilever-sustainability-performance-data-climate.xlsx,No,
Renewable_Purchased_Bundled_RECs,Unilever,2021,24.5,https://www.unilever.com/files/ea01feea-6d32-461a-b734-2123f66627b7/unilever-sustainability-performance-data-climate.xlsx,No,
Renewable_Purchased_Unbundled_RECs,Unilever,2021,65.2,https://www.unilever.com/files/ea01feea-6d32-461a-b734-2123f66627b7/unilever-sustainability-performance-data-climate.xlsx,No,
Renewable_Purchased_Offsite,Unilever,2020,15.3,https://www.unilever.com/files/ea01feea-6d32-461a-b734-2123f66627b7/unilever-sustainability-performance-data-climate.xlsx,No,
Renewable_Purchased_Bundled_RECs,Unilever,2020,18.8,https://www.unilever.com/files/ea01feea-6d32-461a-b734-2123f66627b7/unilever-sustainability-performance-data-climate.xlsx,No,
Renewable_Purchased_Unbundled_RECs,Unilever,2020,65.4,https://www.unilever.com/files/ea01feea-6d32-461a-b734-2123f66627b7/unilever-sustainability-performance-data-climate.xlsx,No,
Renewable_Purchased_Offsite,Unilever,2019,18.8,https://www.unilever.com/files/ea01feea-6d32-461a-b734-2123f66627b7/unilever-sustainability-performance-data-climate.xlsx,No,
Renewable_Purchased_Bundled_RECs,Unilever,2019,21.9,https://www.unilever.com/files/ea01feea-6d32-461a-b734-2123f66627b7/unilever-sustainability-performance-data-climate.xlsx,No,
Renewable_Purchased_Unbundled_RECs,Unilever,2019,58.7,https://www.unilever.com/files/ea01feea-6d32-461a-b734-2123f66627b7/unilever-sustainability-performance-data-climate.xlsx,No,
"Global Reporting Initiative+Direct greenhouse gas (GHG) emissions (Scope 1), GRI 305-1-a (formerly G4-EN15-a)",Accenture,2021,9250,https://wikirate.org/~12068326,,
"Global Reporting Initiative+Indirect greenhouse gas (GHG) emissions (Scope 2), GRI 305-2 (formerly G4-EN16-a)",Accenture,2021,70659,https://wikirate.org/~12068326,,
"Global Reporting Initiative+Indirect greenhouse gas (GHG) emissions (Scope 3), GRI 305-3 (formerly G4-EN17-a)",Accenture,2021,252546,https://wikirate.org/~12068326,fixed,
Commons+Greenhouse Gas Emissions Scope 1,Accenture,2021,9250,,,
Climate Action Research+TCFD Supporter,Accenture,2021,Yes,https://wikirate.org/~6740718,,
Commons+Greenhouse Gas Emissions Scope 1 and 2 combined,Accenture,2021,79909,,,
"Commons+Combined Scope 1, 2 and 3 Greenhouse Gas Emissions (GHG)",Accenture,2021,522380,,,
WikiRate Calculated Metric Design Group+Greenhouse Gas emissions per employee,Accenture,2021,0.118559347181009,,,
Commons+Greenhouse Gas Emissions Scope 2,Accenture,2021,70659,,,
Science Based Targets Initiative (SBTi)+Science Based Targets Status,Accenture,2021,Targets Set,https://wikirate.org/~8081005,,
Gershon M. Bialer+CO2e Intensity,Accenture,2021,0.0000103441584158416,,,
WikiRate Calculated Metric Design Group+Greenhouse gas emissions per dollar revenue,Accenture,2021,0.00000158235643564356,,,
Top 100 Fashion Project Research Group+Science Based Targets,Accenture,2021,Yes,,,
Laureen van Breen+Scope 1 GHG over number of employees,Accenture,2021,0.013724035608309,,,
"Global Reporting Initiative+Direct greenhouse gas (GHG) emissions (Scope 1), GRI 305-1-a (formerly G4-EN15-a)",Accenture,2019,18923,https://wikirate.org/~6570739,,
"Global Reporting Initiative+Indirect greenhouse gas (GHG) emissions (Scope 2), GRI 305-2 (formerly G4-EN16-a)",Accenture,2019,214680,https://wikirate.org/~6570739,,
"Global Reporting Initiative+Indirect greenhouse gas (GHG) emissions (Scope 3), GRI 305-3 (formerly G4-EN17-a)",Accenture,2019,932653,https://wikirate.org/~6570739,,
Commons+Greenhouse Gas Emissions Scope 1,Accenture,2019,18923,,,
Commons+Greenhouse Gas Emissions Scope 1 and 2 combined,Accenture,2019,233603,,,
"Commons+Combined Scope 1, 2 and 3 Greenhouse Gas Emissions (GHG)",Accenture,2019,1166256,,,
WikiRate Calculated Metric Design Group+Greenhouse Gas emissions per employee,Accenture,2019,0.474802845528455,,,
Commons+Greenhouse Gas Emissions Scope 2,Accenture,2019,214680,,,
WikiRate Calculated Metric Design Group+Progress Scope 1 Emissions,Accenture,2019,85.3040616688455,,,
Science Based Targets Initiative (SBTi)+Science Based Targets Status,Accenture,2019,Targets Set,https://wikirate.org/~6321626,,
WikiRate Calculated Metric Design Group+Greenhouse Gas emissions per dollar profit,Accenture,2019,0.038933833333333,,,
Top 100 Fashion Project Research Group+Science Based Targets,Accenture,2019,Yes,,,
Science Based Targets Initiative (SBTi)+Science Based Target Classification,Accenture,2019,1.5°C,https://wikirate.org/~6321626,,
Laureen van Breen+Scope 1 GHG over number of employees,Accenture,2019,0.038461382113821,,,
Aileen Robinson+Yearly Change Scope 1 and 2 Emissions,Accenture,2019,-3.08457587600295,,,
"Global Reporting Initiative+Direct greenhouse gas (GHG) emissions (Scope 1), GRI 305-1-a (formerly G4-EN15-a)",Accenture,2018,22183,https://wikirate.org/~5670441,,
"Global Reporting Initiative+Indirect greenhouse gas (GHG) emissions (Scope 2), GRI 305-2 (formerly G4-EN16-a)",Accenture,2018,218855,https://wikirate.org/~5670441,,
"Global Reporting Initiative+Indirect greenhouse gas (GHG) emissions (Scope 3), GRI 305-3 (formerly G4-EN17-a)",Accenture,2018,948756,https://wikirate.org/~5670441,,
Commons+Greenhouse Gas Emissions Scope 1,Accenture,2018,22183,,,
Commons+Greenhouse Gas Emissions Scope 1 and 2 combined,Accenture,2018,241038,,,
"Commons+Combined Scope 1, 2 and 3 Greenhouse Gas Emissions (GHG)",Accenture,2018,1189794,,,
WikiRate Calculated Metric Design Group+Greenhouse Gas emissions per employee,Accenture,2018,0.525137254901961,,,
Commons+Greenhouse Gas Emissions Scope 2,Accenture,2018,218855,,,
WikiRate Calculated Metric Design Group+Progress Scope 1 Emissions,Accenture,2018,Unknown,,,
Science Based Targets Initiative (SBTi)+Science Based Targets Status,Accenture,2018,Targets Set,https://wikirate.org/~6321626,,
WikiRate Calculated Metric Design Group+Greenhouse Gas emissions per dollar profit,Accenture,2018,Unknown,,,
Top 100 Fashion Project Research Group+Science Based Targets,Accenture,2018,Yes,,,
Science Based Targets Initiative (SBTi)+Science Based Target Classification,Accenture,2018,1.5°C,https://wikirate.org/~6321626,,
Laureen van Breen+Scope 1 GHG over number of employees,Accenture,2018,0.048328976034858,,,
Aileen Robinson+Yearly Change Scope 1 and 2 Emissions,Accenture,2018,Unknown,,,
"Global Reporting Initiative+Direct greenhouse gas (GHG) emissions (Scope 1), GRI 305-1-a (formerly G4-EN15-a)",Accenture,2017,24095,https://www.accenture.com/us-en/about/company/reporting-approach-esg-disclosures#accordion-652e2ac5ad-item-05afc72dd8,fixed,
"Global Reporting Initiative+Indirect greenhouse gas (GHG) emissions (Scope 2), GRI 305-2 (formerly G4-EN16-a)",Accenture,2017,243773,https://www.accenture.com/us-en/about/company/reporting-approach-esg-disclosures#accordion-652e2ac5ad-item-05afc72dd8,fixed,
"Global Reporting Initiative+Indirect greenhouse gas (GHG) emissions (Scope 3), GRI 305-3 (formerly G4-EN17-a)",Accenture,2017,974176,https://www.accenture.com/us-en/about/company/reporting-approach-esg-disclosures#accordion-652e2ac5ad-item-05afc72dd8,fixed,
Commons+Greenhouse Gas Emissions Scope 1,Accenture,2017,Unknown,,,
Newsweek+Energy Productivity,Accenture,2017,Unknown,https://wikirate.org/~5251489,,
Global Reporting Initiative+Greenhouse Gas (GHG) emissions intensity ratio (G4-EN18-a),Accenture,2017,Unknown,https://wikirate.org/~5251489,,
Climate Action Research+TCFD Supporter,Accenture,2017,Yes,https://wikirate.org/~5307235,,
Commons+Greenhouse Gas Emissions Scope 1 and 2 combined,Accenture,2017,Unknown,,,
Global Reporting Initiative+Reduction of greenhouse gas (GHG) emissions (G4-EN19-a),Accenture,2017,430000 metric tonnes,https://wikirate.org/~5251489,,
"Commons+Combined Scope 1, 2 and 3 Greenhouse Gas Emissions (GHG)",Accenture,2017,Unknown,,,
WikiRate Calculated Metric Design Group+Greenhouse Gas emissions per employee,Accenture,2017,Unknown,,,
Commons+Greenhouse Gas Emissions Scope 2,Accenture,2017,Unknown,,,
Newsweek+Greenhouse Gas Productivity,Accenture,2017,Unknown,https://wikirate.org/~5251489,,
WikiRate Calculated Metric Design Group+Progress Scope 1 Emissions,Accenture,2017,Unknown,,,
WikiRate Calculated Metric Design Group+Greenhouse Gas emissions per dollar profit,Accenture,2017,Unknown,,,
Laureen van Breen+Scope 1 GHG over number of employees,Accenture,2017,Unknown,,,
Aileen Robinson+Yearly Change Scope 1 and 2 Emissions,Accenture,2017,Unknown,,,
"Global Reporting Initiative+Direct greenhouse gas (GHG) emissions (Scope 1), GRI 305-1-a (formerly G4-EN15-a)",Accenture,2016,27203,https://wikirate.org/~3357439,,
"Global Reporting Initiative+Indirect greenhouse gas (GHG) emissions (Scope 2), GRI 305-2 (formerly G4-EN16-a)",Accenture,2016,263050,https://wikirate.org/~3357439,,
"Global Reporting Initiative+Indirect greenhouse gas (GHG) emissions (Scope 3), GRI 305-3 (formerly G4-EN17-a)",Accenture,2016,506841,https://wikirate.org/~3357439,,
Commons+Greenhouse Gas Emissions Scope 1,Accenture,2016,27203,,,
Newsweek+Energy Productivity,Accenture,2016,11.7,https://wikirate.org/~2638071,,
Commons+Greenhouse Gas Emissions Scope 1 and 2 combined,Accenture,2016,290253,,,
"Commons+Combined Scope 1, 2 and 3 Greenhouse Gas Emissions (GHG)",Accenture,2016,797094,,,
WikiRate Calculated Metric Design Group+Greenhouse Gas emissions per employee,Accenture,2016,0.7558671875,,,
Commons+Greenhouse Gas Emissions Scope 2,Accenture,2016,263050,,,
WikiRate Calculated Metric Design Group+Progress Scope 1 Emissions,Accenture,2016,103.47280334728,,,
Laureen van Breen+Scope 1 GHG over number of employees,Accenture,2016,0.070841145833333,,,
Aileen Robinson+Yearly Change Scope 1 and 2 Emissions,Accenture,2016,10.1408194164589,,,
"Global Reporting Initiative+Direct greenhouse gas (GHG) emissions (Scope 1), GRI 305-1-a (formerly G4-EN15-a)",Accenture,2015,26290,https://wikirate.org/~976894,,
"Global Reporting Initiative+Indirect greenhouse gas (GHG) emissions (Scope 2), GRI 305-2 (formerly G4-EN16-a)",Accenture,2015,237239,https://wikirate.org/~976894,,
Commons+Greenhouse Gas Emissions Scope 1,Accenture,2015,26290,,,
Newsweek+Energy Productivity,Accenture,2015,11.1,,,
Global Reporting Initiative+Greenhouse Gas (GHG) emissions intensity ratio (G4-EN18-a),Accenture,2015,2.14,https://wikirate.org/~976903,,
"Global Reporting Initiative+Emissions of Ozone-Depleting Substances (ODS), GRI 305-6-a (formerly G4-EN20-a)",Accenture,2015,Unknown,https://wikirate.org/~976894,,
Commons+Greenhouse Gas Emissions Scope 1 and 2 combined,Accenture,2015,263529,,,
Global Reporting Initiative+Reduction of greenhouse gas (GHG) emissions (G4-EN19-a),Accenture,2015,Unknown,https://wikirate.org/~976894,,
WikiRate Calculated Metric Design Group+Greenhouse Gas emissions per employee,Accenture,2015,0.736114525139665,,,
Commons+Greenhouse Gas Emissions Scope 2,Accenture,2015,237239,,,
WikiRate Calculated Metric Design Group+Progress Scope 1 Emissions,Accenture,2015,88.3192797393086,,,
Laureen van Breen+Scope 1 GHG over number of employees,Accenture,2015,0.073435754189944,,,
Aileen Robinson+Yearly Change Scope 1 and 2 Emissions,Accenture,2015,2.22345488892423,,,
"Global Reporting Initiative+Direct greenhouse gas (GHG) emissions (Scope 1), GRI 305-1-a (formerly G4-EN15-a)",Accenture,2014,29767,https://wikirate.org/~976894,,
"Global Reporting Initiative+Indirect greenhouse gas (GHG) emissions (Scope 2), GRI 305-2 (formerly G4-EN16-a)",Accenture,2014,228030,https://wikirate.org/~976894,,
Commons+Greenhouse Gas Emissions Scope 1,Accenture,2014,29767,,,
Newsweek+Energy Productivity,Accenture,2014,80.1,,,
Global Reporting Initiative+Greenhouse Gas (GHG) emissions intensity ratio (G4-EN18-a),Accenture,2014,2.28,https://wikirate.org/~976903,,
"Global Reporting Initiative+Emissions of Ozone-Depleting Substances (ODS), GRI 305-6-a (formerly G4-EN20-a)",Accenture,2014,Unknown,https://wikirate.org/~976894,,
Commons+Greenhouse Gas Emissions Scope 1 and 2 combined,Accenture,2014,257797,,,
WikiRate Calculated Metric Design Group+Greenhouse Gas emissions per employee,Accenture,2014,0.845236065573771,,,
Commons+Greenhouse Gas Emissions Scope 2,Accenture,2014,228030,,,
Newsweek+Greenhouse Gas Productivity,Accenture,2014,66.8,,,
WikiRate Calculated Metric Design Group+Progress Scope 1 Emissions,Accenture,2014,92.573472243819,,,
Laureen van Breen+Scope 1 GHG over number of employees,Accenture,2014,0.097596721311475,,,
Aileen Robinson+Yearly Change Scope 1 and 2 Emissions,Accenture,2014,-2.77058040378211,,,
"Global Reporting Initiative+Direct greenhouse gas (GHG) emissions (Scope 1), GRI 305-1-a (formerly G4-EN15-a)",Accenture,2013,32155,https://wikirate.org/~976894,,
"Global Reporting Initiative+Indirect greenhouse gas (GHG) emissions (Scope 2), GRI 305-2 (formerly G4-EN16-a)",Accenture,2013,232988,https://wikirate.org/~976894,,
Commons+Greenhouse Gas Emissions Scope 1,Accenture,2013,32155,,,
Global Reporting Initiative+Greenhouse Gas (GHG) emissions intensity ratio (G4-EN18-a),Accenture,2013,2.58,https://wikirate.org/~976903,,
Commons+Greenhouse Gas Emissions Scope 1 and 2 combined,Accenture,2013,265143,,,
WikiRate Calculated Metric Design Group+Greenhouse Gas emissions per employee,Accenture,2013,0.964156363636364,,,
Commons+Greenhouse Gas Emissions Scope 2,Accenture,2013,232988,,,
WikiRate Calculated Metric Design Group+Progress Scope 1 Emissions,Accenture,2013,342.694234253437,,,
Laureen van Breen+Scope 1 GHG over number of employees,Accenture,2013,0.116927272727273,,,
Aileen Robinson+Yearly Change Scope 1 and 2 Emissions,Accenture,2013,13.3099428200241,,,
"Global Reporting Initiative+Direct greenhouse gas (GHG) emissions (Scope 1), GRI 305-1-a (formerly G4-EN15-a)",Accenture,2012,9383,https://wikirate.org/~976894,,
"Global Reporting Initiative+Indirect greenhouse gas (GHG) emissions (Scope 2), GRI 305-2 (formerly G4-EN16-a)",Accenture,2012,224615,https://wikirate.org/~976894,,
Commons+Greenhouse Gas Emissions Scope 1,Accenture,2012,9383,,,
Global Reporting Initiative+Greenhouse Gas (GHG) emissions intensity ratio (G4-EN18-a),Accenture,2012,2.68,https://wikirate.org/~976903,,
Commons+Greenhouse Gas Emissions Scope 1 and 2 combined,Accenture,2012,233998,,,
WikiRate Calculated Metric Design Group+Greenhouse Gas emissions per employee,Accenture,2012,0.910498054474708,,,
Commons+Greenhouse Gas Emissions Scope 2,Accenture,2012,224615,,,
WikiRate Calculated Metric Design Group+Progress Scope 1 Emissions,Accenture,2012,77.5582740948917,,,
Laureen van Breen+Scope 1 GHG over number of employees,Accenture,2012,0.036509727626459,,,
Aileen Robinson+Yearly Change Scope 1 and 2 Emissions,Accenture,2012,8.26524285859698,,,
"Global Reporting Initiative+Direct greenhouse gas (GHG) emissions (Scope 1), GRI 305-1-a (formerly G4-EN15-a)",Accenture,2011,12098,https://wikirate.org/~976894,,
"Global Reporting Initiative+Indirect greenhouse gas (GHG) emissions (Scope 2), GRI 305-2 (formerly G4-EN16-a)",Accenture,2011,204036,https://wikirate.org/~976894,,
Commons+Greenhouse Gas Emissions Scope 1,Accenture,2011,12098,,,
Commons+Greenhouse Gas Emissions Scope 1 and 2 combined,Accenture,2011,216134,,,
Commons+Greenhouse Gas Emissions Scope 2,Accenture,2011,204036,,,
"Global Reporting Initiative+Direct greenhouse gas (GHG) emissions (Scope 1), GRI 305-1-a (formerly G4-EN15-a)",Accenture,2020,13945,https://www.accenture.com/us-en/about/company/reporting-approach-esg-disclosures#accordion-652e2ac5ad-item-05afc72dd8,new,
"Global Reporting Initiative+Indirect greenhouse gas (GHG) emissions (Scope 2), GRI 305-2 (formerly G4-EN16-a)",Accenture,2020,162983,https://www.accenture.com/us-en/about/company/reporting-approach-esg-disclosures#accordion-652e2ac5ad-item-05afc72dd8,new,
"Global Reporting Initiative+Indirect greenhouse gas (GHG) emissions (Scope 3), GRI 305-3 (formerly G4-EN17-a)",Accenture,2020,575910,https://www.accenture.com/us-en/about/company/reporting-approach-esg-disclosures#accordion-652e2ac5ad-item-05afc72dd8,new,
"Global Reporting Initiative+Direct greenhouse gas (GHG) emissions (Scope 1), GRI 305-1-a (formerly G4-EN15-a)",Accenture,2022,17804,https://www.accenture.com/us-en/about/company/reporting-approach-esg-disclosures#accordion-652e2ac5ad-item-05afc72dd8,new,
"Global Reporting Initiative+Indirect greenhouse gas (GHG) emissions (Scope 2), GRI 305-2 (formerly G4-EN16-a)",Accenture,2022,8356,https://www.accenture.com/us-en/about/company/reporting-approach-esg-disclosures#accordion-652e2ac5ad-item-05afc72dd8,new,
"Global Reporting Initiative+Indirect greenhouse gas (GHG) emissions (Scope 3), GRI 305-3 (formerly G4-EN17-a)",Accenture,2022,374297,https://www.accenture.com/us-en/about/company/reporting-approach-esg-disclosures#accordion-652e2ac5ad-item-05afc72dd8,new,
Top 100 Fashion Project Research Group+Science Based Targets,"Amazon.com, Inc.",2022,No,,,
Commons+Greenhouse Gas Emissions Scope 1,"Amazon.com, Inc.",2021,12.11,,,
Commons+Greenhouse Gas Emissions Scope 1 and 2 combined,"Amazon.com, Inc.",2021,16.18,,,
"Commons+Combined Scope 1, 2 and 3 Greenhouse Gas Emissions (GHG)","Amazon.com, Inc.",2021,71.54,,,
WikiRate Calculated Metric Design Group+Greenhouse Gas emissions per employee,"Amazon.com, Inc.",2021,0.0000101125,,,
Commons+Greenhouse Gas Emissions Scope 2,"Amazon.com, Inc.",2021,4.07,,,
Science Based Targets Initiative (SBTi)+Science Based Targets Status,"Amazon.com, Inc.",2021,Committed,https://wikirate.org/~8081005,,
Gershon M. Bialer+CO2e Intensity,"Amazon.com, Inc.",2021,0.152277564921243,,,
WikiRate Calculated Metric Design Group+Greenhouse gas emissions per dollar revenue,"Amazon.com, Inc.",2021,0.034440187313751,,,
Top 100 Fashion Project Research Group+Science Based Targets,"Amazon.com, Inc.",2021,Yes,,,
Laureen van Breen+Scope 1 GHG over number of employees,"Amazon.com, Inc.",2021,0.00000756875,,,
Science Based Targets Initiative (SBTi)+Science Based Targets Status,"Amazon.com, Inc.",2020,Committed,https://wikirate.org/~6321626,,
Top 100 Fashion Project Research Group+Science Based Targets,"Amazon.com, Inc.",2020,Yes,,,
"Global Reporting Initiative+Direct greenhouse gas (GHG) emissions (Scope 1), GRI 305-1-a (formerly G4-EN15-a)","Amazon.com, Inc.",2018,9690000,https://wikirate.org/~5759219,,
"Global Reporting Initiative+Indirect greenhouse gas (GHG) emissions (Scope 2), GRI 305-2 (formerly G4-EN16-a)","Amazon.com, Inc.",2018,34710000,https://wikirate.org/~5759219,,
"Global Reporting Initiative+Indirect greenhouse gas (GHG) emissions (Scope 3), GRI 305-3 (formerly G4-EN17-a)","Amazon.com, Inc.",2018,18120000,https://wikirate.org/~5759219,,
Commons+Greenhouse Gas Emissions Scope 1,"Amazon.com, Inc.",2018,9690000,,,
Commons+Greenhouse Gas Emissions Scope 1 and 2 combined,"Amazon.com, Inc.",2018,44400000,,,
"Commons+Combined Scope 1, 2 and 3 Greenhouse Gas Emissions (GHG)","Amazon.com, Inc.",2018,62520000,,,
WikiRate Calculated Metric Design Group+Greenhouse Gas emissions per employee,"Amazon.com, Inc.",2018,68.5714285714286,,,
Commons+Greenhouse Gas Emissions Scope 2,"Amazon.com, Inc.",2018,34710000,,,
Gershon M. Bialer+CO2e Intensity,"Amazon.com, Inc.",2018,Unknown,,,
WikiRate Calculated Metric Design Group+Greenhouse gas emissions per dollar revenue,"Amazon.com, Inc.",2018,Unknown,,,
Laureen van Breen+Scope 1 GHG over number of employees,"Amazon.com, Inc.",2018,14.965250965251,,,
University of Wollongong Research Group 2020+Wollongong 2020 - Climate Disclosure Rate,"Amazon.com, Inc.",2018,60,,,
Newsweek+Energy Productivity,"Amazon.com, Inc.",2016,0,https://wikirate.org/~2626005,,
Newsweek+Energy Productivity,"Amazon.com, Inc.",2015,0,,,
Good Company Index+Good Steward Score,"Amazon.com, Inc.",2014,-2,https://wikirate.org/~61577,,
Good Company Index+Good Steward Score,"Amazon.com, Inc.",2012,0,https://wikirate.org/~61598,,
"Global Reporting Initiative+Direct greenhouse gas (GHG) emissions (Scope 1), GRI 305-1-a (formerly G4-EN15-a)","Amazon.com, Inc.",2019,5760000,https://sustainability.aboutamazon.co.uk/2021-sustainability-report.pdf,new,
"Global Reporting Initiative+Indirect greenhouse gas (GHG) emissions (Scope 2), GRI 305-2 (formerly G4-EN16-a)","Amazon.com, Inc.",2019,5270000,https://sustainability.aboutamazon.co.uk/2021-sustainability-report.pdf,new,
"Global Reporting Initiative+Indirect greenhouse gas (GHG) emissions (Scope 3), GRI 305-3 (formerly G4-EN17-a)","Amazon.com, Inc.",2019,39910000,https://sustainability.aboutamazon.co.uk/2021-sustainability-report.pdf,new,
"Global Reporting Initiative+Direct greenhouse gas (GHG) emissions (Scope 1), GRI 305-1-a (formerly G4-EN15-a)","Amazon.com, Inc.",2020,9620000,https://sustainability.aboutamazon.co.uk/2021-sustainability-report.pdf,new,
"Global Reporting Initiative+Indirect greenhouse gas (GHG) emissions (Scope 2), GRI 305-2 (formerly G4-EN16-a)","Amazon.com, Inc.",2020,5270000,https://sustainability.aboutamazon.co.uk/2021-sustainability-report.pdf,new,
"Global Reporting Initiative+Indirect greenhouse gas (GHG) emissions (Scope 3), GRI 305-3 (formerly G4-EN17-a)","Amazon.com, Inc.",2020,45750000,https://sustainability.aboutamazon.co.uk/2021-sustainability-report.pdf,new,
"Global Reporting Initiative+Direct greenhouse gas (GHG) emissions (Scope 1), GRI 305-1-a (formerly G4-EN15-a)","Amazon.com, Inc.",2021,12110000,https://sustainability.aboutamazon.co.uk/2021-sustainability-report.pdf,fixed,
"Global Reporting Initiative+Indirect greenhouse gas (GHG) emissions (Scope 2), GRI 305-2 (formerly G4-EN16-a)","Amazon.com, Inc.",2021,4070000,https://sustainability.aboutamazon.co.uk/2021-sustainability-report.pdf,fixed,
"Global Reporting Initiative+Indirect greenhouse gas (GHG) emissions (Scope 3), GRI 305-3 (formerly G4-EN17-a)","Amazon.com, Inc.",2021,55360000,https://sustainability.aboutamazon.co.uk/2021-sustainability-report.pdf,fixed,
"Global Reporting Initiative+Direct greenhouse gas (GHG) emissions (Scope 1), GRI 305-1-a (formerly G4-EN15-a)",Apple Inc.,2020,47430,https://wikirate.org/~12129750,no,
"Global Reporting Initiative+Indirect greenhouse gas (GHG) emissions (Scope 2), GRI 305-2 (formerly G4-EN16-a)",Apple Inc.,2020,0,https://wikirate.org/~12129750,no,
"Global Reporting Initiative+Indirect greenhouse gas (GHG) emissions (Scope 3), GRI 305-3 (formerly G4-EN17-a)",Apple Inc.,2020,22550000,https://wikirate.org/~12129750,no,
"Global Reporting Initiative+Direct greenhouse gas (GHG) emissions (Scope 1), GRI 305-1-a (formerly G4-EN15-a)",Apple Inc.,2019,52730,https://wikirate.org/~6704931,no,
"Global Reporting Initiative+Indirect greenhouse gas (GHG) emissions (Scope 2), GRI 305-2 (formerly G4-EN16-a)",Apple Inc.,2019,0,https://wikirate.org/~6704931,no,
"Global Reporting Initiative+Indirect greenhouse gas (GHG) emissions (Scope 3), GRI 305-3 (formerly G4-EN17-a)",Apple Inc.,2019,24980160,https://wikirate.org/~6704931,no,
"Global Reporting Initiative+Direct greenhouse gas (GHG) emissions (Scope 1), GRI 305-1-a (formerly G4-EN15-a)",Apple Inc.,2018,54590,https://wikirate.org/~5666795,no,
"Global Reporting Initiative+Indirect greenhouse gas (GHG) emissions (Scope 2), GRI 305-2 (formerly G4-EN16-a)",Apple Inc.,2018,8730,https://wikirate.org/~5684363,no,
"Global Reporting Initiative+Indirect greenhouse gas (GHG) emissions (Scope 3), GRI 305-3 (formerly G4-EN17-a)",Apple Inc.,2018,25120500,https://wikirate.org/~5684363,no,
"Global Reporting Initiative+Direct greenhouse gas (GHG) emissions (Scope 1), GRI 305-1-a (formerly G4-EN15-a)",Apple Inc.,2017,47050,https://wikirate.org/~3508300,fixed,
"Global Reporting Initiative+Indirect greenhouse gas (GHG) emissions (Scope 2), GRI 305-2 (formerly G4-EN16-a)",Apple Inc.,2017,36250,https://wikirate.org/~3508300,fixed,
"Global Reporting Initiative+Indirect greenhouse gas (GHG) emissions (Scope 3), GRI 305-3 (formerly G4-EN17-a)",Apple Inc.,2017,27330000,,fixed,
"Global Reporting Initiative+Direct greenhouse gas (GHG) emissions (Scope 1), GRI 305-1-a (formerly G4-EN15-a)",Apple Inc.,2016,54519,https://wikirate.org/~3483308,no,
"Global Reporting Initiative+Indirect greenhouse gas (GHG) emissions (Scope 2), GRI 305-2 (formerly G4-EN16-a)",Apple Inc.,2016,41600,https://wikirate.org/~3483308,no,
"Global Reporting Initiative+Direct greenhouse gas (GHG) emissions (Scope 1), GRI 305-1-a (formerly G4-EN15-a)",Apple Inc.,2015,45303,https://wikirate.org/~3483300,no,
"Global Reporting Initiative+Indirect greenhouse gas (GHG) emissions (Scope 2), GRI 305-2 (formerly G4-EN16-a)",Apple Inc.,2015,378790,https://wikirate.org/~3483300,no,
"Global Reporting Initiative+Direct greenhouse gas (GHG) emissions (Scope 1), GRI 305-1-a (formerly G4-EN15-a)",Apple Inc.,2014,56702,,no,
"Global Reporting Initiative+Indirect greenhouse gas (GHG) emissions (Scope 2), GRI 305-2 (formerly G4-EN16-a)",Apple Inc.,2014,317932,https://wikirate.org/~2603347,no,
"Global Reporting Initiative+Direct greenhouse gas (GHG) emissions (Scope 1), GRI 305-1-a (formerly G4-EN15-a)",Apple Inc.,2021,55200,,new,
"Global Reporting Initiative+Indirect greenhouse gas (GHG) emissions (Scope 2), GRI 305-2 (formerly G4-EN16-a)",Apple Inc.,2021,2780,,new,
"Global Reporting Initiative+Indirect greenhouse gas (GHG) emissions (Scope 3), GRI 305-3 (formerly G4-EN17-a)",Apple Inc.,2021,23130000,,new,
"Global Reporting Initiative+Direct greenhouse gas (GHG) emissions (Scope 1), GRI 305-1-a (formerly G4-EN15-a)",Google Inc.,2017,66549,https://wikirate.org/~5403841,,
"Global Reporting Initiative+Indirect greenhouse gas (GHG) emissions (Scope 2), GRI 305-2 (formerly G4-EN16-a)",Google Inc.,2017,509334,https://wikirate.org/~5403841,,
"Global Reporting Initiative+Direct greenhouse gas (GHG) emissions (Scope 1), GRI 305-1-a (formerly G4-EN15-a)",Google Inc.,2016,66218,https://wikirate.org/~5403859,,
"Global Reporting Initiative+Indirect greenhouse gas (GHG) emissions (Scope 2), GRI 305-2 (formerly G4-EN16-a)",Google Inc.,2016,1518643,https://wikirate.org/~5403859,,
"Global Reporting Initiative+Indirect greenhouse gas (GHG) emissions (Scope 3), GRI 305-3 (formerly G4-EN17-a)",Google Inc.,2017,2719024,https://www.gstatic.com/gumdrop/sustainability/google-2022-environmental-report.pdf,new,
"Global Reporting Initiative+Direct greenhouse gas (GHG) emissions (Scope 1), GRI 305-1-a (formerly G4-EN15-a)",Google Inc.,2018,63521,https://www.gstatic.com/gumdrop/sustainability/google-2022-environmental-report.pdf,new,
"Global Reporting Initiative+Indirect greenhouse gas (GHG) emissions (Scope 2), GRI 305-2 (formerly G4-EN16-a)",Google Inc.,2018,684236,https://www.gstatic.com/gumdrop/sustainability/google-2022-environmental-report.pdf,new,
"Global Reporting Initiative+Indirect greenhouse gas (GHG) emissions (Scope 3), GRI 305-3 (formerly G4-EN17-a)",Google Inc.,2018,12900467,https://www.gstatic.com/gumdrop/sustainability/google-2022-environmental-report.pdf,new,
"Global Reporting Initiative+Direct greenhouse gas (GHG) emissions (Scope 1), GRI 305-1-a (formerly G4-EN15-a)",Google Inc.,2019,66686,https://www.gstatic.com/gumdrop/sustainability/google-2022-environmental-report.pdf,new,
"Global Reporting Initiative+Indirect greenhouse gas (GHG) emissions (Scope 2), GRI 305-2 (formerly G4-EN16-a)",Google Inc.,2019,794267,https://www.gstatic.com/gumdrop/sustainability/google-2022-environmental-report.pdf,new,
"Global Reporting Initiative+Indirect greenhouse gas (GHG) emissions (Scope 3), GRI 305-3 (formerly G4-EN17-a)",Google Inc.,2019,11669000,https://www.gstatic.com/gumdrop/sustainability/google-2022-environmental-report.pdf,new,
"Global Reporting Initiative+Direct greenhouse gas (GHG) emissions (Scope 1), GRI 305-1-a (formerly G4-EN15-a)",Google Inc.,2020,38694,https://www.gstatic.com/gumdrop/sustainability/google-2022-environmental-report.pdf,new,
"Global Reporting Initiative+Indirect greenhouse gas (GHG) emissions (Scope 2), GRI 305-2 (formerly G4-EN16-a)",Google Inc.,2020,911415,https://www.gstatic.com/gumdrop/sustainability/google-2022-environmental-report.pdf,new,
"Global Reporting Initiative+Indirect greenhouse gas (GHG) emissions (Scope 3), GRI 305-3 (formerly G4-EN17-a)",Google Inc.,2020,9376000,https://www.gstatic.com/gumdrop/sustainability/google-2022-environmental-report.pdf,new,
"Global Reporting Initiative+Direct greenhouse gas (GHG) emissions (Scope 1), GRI 305-1-a (formerly G4-EN15-a)",Google Inc.,2021,45073,https://www.gstatic.com/gumdrop/sustainability/google-2022-environmental-report.pdf,new,
"Global Reporting Initiative+Indirect greenhouse gas (GHG) emissions (Scope 2), GRI 305-2 (formerly G4-EN16-a)",Google Inc.,2021,1823132,https://www.gstatic.com/gumdrop/sustainability/google-2022-environmental-report.pdf,new,
"Global Reporting Initiative+Indirect greenhouse gas (GHG) emissions (Scope 3), GRI 305-3 (formerly G4-EN17-a)",Google Inc.,2021,9503000,https://www.gstatic.com/gumdrop/sustainability/google-2022-environmental-report.pdf,new,
Scope_2_location,Google Inc.,2017,3301392,https://www.gstatic.com/gumdrop/sustainability/google-2022-environmental-report.pdf,new,
Scope_2_location,Google Inc.,2018,4344686,https://www.gstatic.com/gumdrop/sustainability/google-2022-environmental-report.pdf,new,
Scope_2_location,Google Inc.,2019,5116949,https://www.gstatic.com/gumdrop/sustainability/google-2022-environmental-report.pdf,new,
Scope_2_location,Google Inc.,2020,5865095,https://www.gstatic.com/gumdrop/sustainability/google-2022-environmental-report.pdf,new,
Scope_2_location,Google Inc.,2021,6576239,https://www.gstatic.com/gumdrop/sustainability/google-2022-environmental-report.pdf,new,
Emission_reduction_renewable_PPAs,Google Inc.,2017,-2792058,https://www.gstatic.com/gumdrop/sustainability/google-2022-environmental-report.pdf,new,
Emission_reduction_renewable_PPAs,Google Inc.,2018,-3660450,https://www.gstatic.com/gumdrop/sustainability/google-2022-environmental-report.pdf,new,
Emission_reduction_renewable_PPAs,Google Inc.,2019,-4322682,https://www.gstatic.com/gumdrop/sustainability/google-2022-environmental-report.pdf,new,
Emission_reduction_renewable_PPAs,Google Inc.,2020,-4953680,https://www.gstatic.com/gumdrop/sustainability/google-2022-environmental-report.pdf,new,
Emission_reduction_renewable_PPAs,Google Inc.,2021,-4753107,https://www.gstatic.com/gumdrop/sustainability/google-2022-environmental-report.pdf,new,
Emission_compensated_carbon_credits,Google Inc.,2017,-931943,https://www.gstatic.com/gumdrop/sustainability/google-2022-environmental-report.pdf,new,
Emission_compensated_carbon_credits,Google Inc.,2018,-1211224,https://www.gstatic.com/gumdrop/sustainability/google-2022-environmental-report.pdf,new,
Emission_compensated_carbon_credits,Google Inc.,2019,-1402953,https://www.gstatic.com/gumdrop/sustainability/google-2022-environmental-report.pdf,new,
Emission_compensated_carbon_credits,Google Inc.,2020,-1163109,https://www.gstatic.com/gumdrop/sustainability/google-2022-environmental-report.pdf,new,
Emission_compensated_carbon_credits,Google Inc.,2021,-2004205,https://www.gstatic.com/gumdrop/sustainability/google-2022-environmental-report.pdf,new,
Renewable_energy_use_PPA_onsite,Google Inc.,2017,6244788,https://www.gstatic.com/gumdrop/sustainability/google-2022-environmental-report.pdf,new,
Renewable_energy_use_PPA_onsite,Google Inc.,2018,8246508,https://www.gstatic.com/gumdrop/sustainability/google-2022-environmental-report.pdf,new,
Renewable_energy_use_PPA_onsite,Google Inc.,2019,9721283,https://www.gstatic.com/gumdrop/sustainability/google-2022-environmental-report.pdf,new,
Renewable_energy_use_PPA_onsite,Google Inc.,2020,12076382,https://www.gstatic.com/gumdrop/sustainability/google-2022-environmental-report.pdf,new,
Renewable_energy_use_PPA_onsite,Google Inc.,2021,14118248,https://www.gstatic.com/gumdrop/sustainability/google-2022-environmental-report.pdf,new,
Renewable_energy_use_grid,Google Inc.,2017,1364301,https://www.gstatic.com/gumdrop/sustainability/google-2022-environmental-report.pdf,new,
Renewable_energy_use_grid,Google Inc.,2018,1857787,https://www.gstatic.com/gumdrop/sustainability/google-2022-environmental-report.pdf,new,
Renewable_energy_use_grid,Google Inc.,2019,2515915,https://www.gstatic.com/gumdrop/sustainability/google-2022-environmental-report.pdf,new,
Renewable_energy_use_grid,Google Inc.,2020,3062161,https://www.gstatic.com/gumdrop/sustainability/google-2022-environmental-report.pdf,new,
Renewable_energy_use_grid,Google Inc.,2021,4168895,https://www.gstatic.com/gumdrop/sustainability/google-2022-environmental-report.pdf,new,
"Global Reporting Initiative+Direct greenhouse gas (GHG) emissions (Scope 1), GRI 305-1-a (formerly G4-EN15-a)",Nestle,2021,3370000,https://wikirate.org/~12621783,,
"Global Reporting Initiative+Indirect greenhouse gas (GHG) emissions (Scope 2), GRI 305-2 (formerly G4-EN16-a)",Nestle,2021,1610000,https://wikirate.org/~12621783,fixed,
"Global Reporting Initiative+Indirect greenhouse gas (GHG) emissions (Scope 3), GRI 305-3 (formerly G4-EN17-a)",Nestle,2021,113720000,https://wikirate.org/~12621783,,
"Global Reporting Initiative+Direct greenhouse gas (GHG) emissions (Scope 1), GRI 305-1-a (formerly G4-EN15-a)",Nestle,2020,3260000,https://wikirate.org/~12621783,,
"Global Reporting Initiative+Indirect greenhouse gas (GHG) emissions (Scope 2), GRI 305-2 (formerly G4-EN16-a)",Nestle,2020,2000000,https://wikirate.org/~8042611,,
"Global Reporting Initiative+Indirect greenhouse gas (GHG) emissions (Scope 3), GRI 305-3 (formerly G4-EN17-a)",Nestle,2020,114000000,https://wikirate.org/~8042914,,
"Global Reporting Initiative+Direct greenhouse gas (GHG) emissions (Scope 1), GRI 305-1-a (formerly G4-EN15-a)",Nestle,2019,3300000,https://wikirate.org/~5994074,,
"Global Reporting Initiative+Indirect greenhouse gas (GHG) emissions (Scope 2), GRI 305-2 (formerly G4-EN16-a)",Nestle,2019,2305914,https://wikirate.org/~5994074,,
"Global Reporting Initiative+Indirect greenhouse gas (GHG) emissions (Scope 3), GRI 305-3 (formerly G4-EN17-a)",Nestle,2019,107411104,https://wikirate.org/~8042914,,
"Global Reporting Initiative+Direct greenhouse gas (GHG) emissions (Scope 1), GRI 305-1-a (formerly G4-EN15-a)",Nestle,2018,3300000,https://wikirate.org/~5340305,,
"Global Reporting Initiative+Indirect greenhouse gas (GHG) emissions (Scope 2), GRI 305-2 (formerly G4-EN16-a)",Nestle,2018,2500000,https://wikirate.org/~5340305,,
"Global Reporting Initiative+Indirect greenhouse gas (GHG) emissions (Scope 3), GRI 305-3 (formerly G4-EN17-a)",Nestle,2018,107411104,https://wikirate.org/~5340360,,
"Global Reporting Initiative+Direct greenhouse gas (GHG) emissions (Scope 1), GRI 305-1-a (formerly G4-EN15-a)",Nestle,2017,3500000,https://wikirate.org/~3530204,,
"Global Reporting Initiative+Indirect greenhouse gas (GHG) emissions (Scope 2), GRI 305-2 (formerly G4-EN16-a)",Nestle,2017,3000000,https://wikirate.org/~3530204,,
"Global Reporting Initiative+Indirect greenhouse gas (GHG) emissions (Scope 3), GRI 305-3 (formerly G4-EN17-a)",Nestle,2017,103652193,https://wikirate.org/~3534741,,
"Global Reporting Initiative+Direct greenhouse gas (GHG) emissions (Scope 1), GRI 305-1-a (formerly G4-EN15-a)",Nestle,2016,3607901,https://wikirate.org/~950141,,
"Global Reporting Initiative+Indirect greenhouse gas (GHG) emissions (Scope 2), GRI 305-2 (formerly G4-EN16-a)",Nestle,2016,3482617,https://wikirate.org/~3530264,,
"Global Reporting Initiative+Indirect greenhouse gas (GHG) emissions (Scope 3), GRI 305-3 (formerly G4-EN17-a)",Nestle,2016,105792761,https://wikirate.org/~5994469,,
"Global Reporting Initiative+Direct greenhouse gas (GHG) emissions (Scope 1), GRI 305-1-a (formerly G4-EN15-a)",Nestle,2015,3700000,https://wikirate.org/~950141,,
"Global Reporting Initiative+Indirect greenhouse gas (GHG) emissions (Scope 2), GRI 305-2 (formerly G4-EN16-a)",Nestle,2015,3700000,https://wikirate.org/~950141,,
"Global Reporting Initiative+Indirect greenhouse gas (GHG) emissions (Scope 3), GRI 305-3 (formerly G4-EN17-a)",Nestle,2015,112843670,https://wikirate.org/~5994442,,
"Global Reporting Initiative+Direct greenhouse gas (GHG) emissions (Scope 1), GRI 305-1-a (formerly G4-EN15-a)",Nestle,2014,3814214,https://wikirate.org/~950141,,
"Global Reporting Initiative+Indirect greenhouse gas (GHG) emissions (Scope 2), GRI 305-2 (formerly G4-EN16-a)",Nestle,2014,3800000,https://wikirate.org/~950141,,
"Global Reporting Initiative+Indirect greenhouse gas (GHG) emissions (Scope 3), GRI 305-3 (formerly G4-EN17-a)",Nestle,2014,111228768,https://wikirate.org/~5994521,,
"Global Reporting Initiative+Direct greenhouse gas (GHG) emissions (Scope 1), GRI 305-1-a (formerly G4-EN15-a)",Nestle,2013,3985115,https://wikirate.org/~2433924,,
"Global Reporting Initiative+Indirect greenhouse gas (GHG) emissions (Scope 2), GRI 305-2 (formerly G4-EN16-a)",Nestle,2013,3814017,https://wikirate.org/~2433924,,
"Global Reporting Initiative+Indirect greenhouse gas (GHG) emissions (Scope 3), GRI 305-3 (formerly G4-EN17-a)",Nestle,2013,95137141,https://wikirate.org/~5994271,,
"Global Reporting Initiative+Direct greenhouse gas (GHG) emissions (Scope 1), GRI 305-1-a (formerly G4-EN15-a)",Nestle,2012,3706080,https://wikirate.org/~5994547,,
"Global Reporting Initiative+Indirect greenhouse gas (GHG) emissions (Scope 2), GRI 305-2 (formerly G4-EN16-a)",Nestle,2012,3391319,https://wikirate.org/~5994547,,
"Global Reporting Initiative+Indirect greenhouse gas (GHG) emissions (Scope 3), GRI 305-3 (formerly G4-EN17-a)",Nestle,2012,65590503,https://wikirate.org/~5994547,,
"Global Reporting Initiative+Direct greenhouse gas (GHG) emissions (Scope 1), GRI 305-1-a (formerly G4-EN15-a)",Nestle,2011,3806467,https://wikirate.org/~5994596,,
"Global Reporting Initiative+Indirect greenhouse gas (GHG) emissions (Scope 2), GRI 305-2 (formerly G4-EN16-a)",Nestle,2011,3233547,https://wikirate.org/~5994596,,
"Global Reporting Initiative+Indirect greenhouse gas (GHG) emissions (Scope 3), GRI 305-3 (formerly G4-EN17-a)",Nestle,2011,2691264,https://wikirate.org/~5994596,,
"Global Reporting Initiative+Direct greenhouse gas (GHG) emissions (Scope 1), GRI 305-1-a (formerly G4-EN15-a)",Nestle,2010,3833273,https://wikirate.org/~5994074,,
"Global Reporting Initiative+Indirect greenhouse gas (GHG) emissions (Scope 2), GRI 305-2 (formerly G4-EN16-a)",Nestle,2010,3242939,https://wikirate.org/~5994074,,
"Global Reporting Initiative+Indirect greenhouse gas (GHG) emissions (Scope 3), GRI 305-3 (formerly G4-EN17-a)",Nestle,2010,52521636,https://wikirate.org/~5994582,,
"Global Reporting Initiative+Direct greenhouse gas (GHG) emissions (Scope 1), GRI 305-1-a (formerly G4-EN15-a)",Nestle,2009,3976158,https://wikirate.org/~5994074,,
"Global Reporting Initiative+Indirect greenhouse gas (GHG) emissions (Scope 2), GRI 305-2 (formerly G4-EN16-a)",Nestle,2009,2998935,https://wikirate.org/~5994074,,
"Global Reporting Initiative+Indirect greenhouse gas (GHG) emissions (Scope 3), GRI 305-3 (formerly G4-EN17-a)",Nestle,2009,50985651,https://wikirate.org/~5994568,,
"Global Reporting Initiative+Direct greenhouse gas (GHG) emissions (Scope 1), GRI 305-1-a (formerly G4-EN15-a)",Nestle,2008,4100000,https://wikirate.org/~5994066,,
"Global Reporting Initiative+Indirect greenhouse gas (GHG) emissions (Scope 2), GRI 305-2 (formerly G4-EN16-a)",Nestle,2008,3000000,https://wikirate.org/~5994066,,
"Global Reporting Initiative+Direct greenhouse gas (GHG) emissions (Scope 1), GRI 305-1-a (formerly G4-EN15-a)",GlaxoSmithKline,2021,156000,https://wikirate.org/~13009012,,
"Global Reporting Initiative+Indirect greenhouse gas (GHG) emissions (Scope 2), GRI 305-2 (formerly G4-EN16-a)",GlaxoSmithKline,2021,458000,https://wikirate.org/~13009012,,
"Global Reporting Initiative+Direct greenhouse gas (GHG) emissions (Scope 1), GRI 305-1-a (formerly G4-EN15-a)",GlaxoSmithKline,2020,764000,https://wikirate.org/~12186992,fixed,
"Global Reporting Initiative+Indirect greenhouse gas (GHG) emissions (Scope 2), GRI 305-2 (formerly G4-EN16-a)",GlaxoSmithKline,2020,227000,https://wikirate.org/~11520988,fixed,
"Global Reporting Initiative+Indirect greenhouse gas (GHG) emissions (Scope 3), GRI 305-3 (formerly G4-EN17-a)",GlaxoSmithKline,2020,13456000,https://wikirate.org/~11520988,fixed,
"Global Reporting Initiative+Direct greenhouse gas (GHG) emissions (Scope 1), GRI 305-1-a (formerly G4-EN15-a)",GlaxoSmithKline,2019,800000,https://wikirate.org/~6011356,fixed,
"Global Reporting Initiative+Indirect greenhouse gas (GHG) emissions (Scope 2), GRI 305-2 (formerly G4-EN16-a)",GlaxoSmithKline,2019,523000,https://wikirate.org/~6011356,,
"Global Reporting Initiative+Indirect greenhouse gas (GHG) emissions (Scope 3), GRI 305-3 (formerly G4-EN17-a)",GlaxoSmithKline,2019,14620000,https://wikirate.org/~6011356,,
"Global Reporting Initiative+Direct greenhouse gas (GHG) emissions (Scope 1), GRI 305-1-a (formerly G4-EN15-a)",GlaxoSmithKline,2018,865000,https://wikirate.org/~5701870,fixed,
"Global Reporting Initiative+Indirect greenhouse gas (GHG) emissions (Scope 2), GRI 305-2 (formerly G4-EN16-a)",GlaxoSmithKline,2018,606000,https://wikirate.org/~5701870,,
"Global Reporting Initiative+Indirect greenhouse gas (GHG) emissions (Scope 3), GRI 305-3 (formerly G4-EN17-a)",GlaxoSmithKline,2018,16335000,https://wikirate.org/~5701870,,
"Global Reporting Initiative+Direct greenhouse gas (GHG) emissions (Scope 1), GRI 305-1-a (formerly G4-EN15-a)",GlaxoSmithKline,2017,865000,https://wikirate.org/~3495617,,
"Global Reporting Initiative+Indirect greenhouse gas (GHG) emissions (Scope 2), GRI 305-2 (formerly G4-EN16-a)",GlaxoSmithKline,2017,694000,https://wikirate.org/~3495617,,
"Global Reporting Initiative+Indirect greenhouse gas (GHG) emissions (Scope 3), GRI 305-3 (formerly G4-EN17-a)",GlaxoSmithKline,2017,18153000,https://www.gsk.com/media/5886/esg-performance-summary-2019.pdf,new,
"Global Reporting Initiative+Direct greenhouse gas (GHG) emissions (Scope 1), GRI 305-1-a (formerly G4-EN15-a)",GlaxoSmithKline,2016,889000,https://wikirate.org/~3495617,,
"Global Reporting Initiative+Indirect greenhouse gas (GHG) emissions (Scope 2), GRI 305-2 (formerly G4-EN16-a)",GlaxoSmithKline,2016,700000,https://wikirate.org/~3495617,,
"Global Reporting Initiative+Indirect greenhouse gas (GHG) emissions (Scope 3), GRI 305-3 (formerly G4-EN17-a)",GlaxoSmithKline,2016,16335000,,new,
"Global Reporting Initiative+Direct greenhouse gas (GHG) emissions (Scope 1), GRI 305-1-a (formerly G4-EN15-a)",GlaxoSmithKline,2015,885000,https://wikirate.org/~3495617,,
"Global Reporting Initiative+Indirect greenhouse gas (GHG) emissions (Scope 2), GRI 305-2 (formerly G4-EN16-a)",GlaxoSmithKline,2015,730000,https://wikirate.org/~3495617,,
"Global Reporting Initiative+Direct greenhouse gas (GHG) emissions (Scope 1), GRI 305-1-a (formerly G4-EN15-a)",GlaxoSmithKline,2010,1011000,https://wikirate.org/~3495617,fixed,
"Global Reporting Initiative+Indirect greenhouse gas (GHG) emissions (Scope 2), GRI 305-2 (formerly G4-EN16-a)",GlaxoSmithKline,2010,962000,https://wikirate.org/~3495617,fixed,
"Global Reporting Initiative+Direct greenhouse gas (GHG) emissions (Scope 1), GRI 305-1-a (formerly G4-EN15-a)",AP Moller - Maersk,2021,36863000,https://wikirate.org/~12652844,,
"Global Reporting Initiative+Indirect greenhouse gas (GHG) emissions (Scope 2), GRI 305-2 (formerly G4-EN16-a)",AP Moller - Maersk,2021,331000,https://wikirate.org/~12652844,,
"Global Reporting Initiative+Indirect greenhouse gas (GHG) emissions (Scope 3), GRI 305-3 (formerly G4-EN17-a)",AP Moller - Maersk,2021,39436000,https://wikirate.org/~12652844,,
"Global Reporting Initiative+Direct greenhouse gas (GHG) emissions (Scope 1), GRI 305-1-a (formerly G4-EN15-a)",AP Moller - Maersk,2020,33902000,https://wikirate.org/~12652844,,
"Global Reporting Initiative+Indirect greenhouse gas (GHG) emissions (Scope 2), GRI 305-2 (formerly G4-EN16-a)",AP Moller - Maersk,2020,335000,https://wikirate.org/~12652844,,
"Global Reporting Initiative+Indirect greenhouse gas (GHG) emissions (Scope 3), GRI 305-3 (formerly G4-EN17-a)",AP Moller - Maersk,2020,36487000,https://wikirate.org/~12652844,,
"Global Reporting Initiative+Direct greenhouse gas (GHG) emissions (Scope 1), GRI 305-1-a (formerly G4-EN15-a)",AP Moller - Maersk,2019,36204000,https://wikirate.org/~12652844,,
"Global Reporting Initiative+Indirect greenhouse gas (GHG) emissions (Scope 2), GRI 305-2 (formerly G4-EN16-a)",AP Moller - Maersk,2019,348000,https://wikirate.org/~12652844,,
"Global Reporting Initiative+Direct greenhouse gas (GHG) emissions (Scope 1), GRI 305-1-a (formerly G4-EN15-a)",AP Moller - Maersk,2018,38826000,https://wikirate.org/~5340219,,
"Global Reporting Initiative+Indirect greenhouse gas (GHG) emissions (Scope 2), GRI 305-2 (formerly G4-EN16-a)",AP Moller - Maersk,2018,339000,https://wikirate.org/~5340219,,
"Global Reporting Initiative+Direct greenhouse gas (GHG) emissions (Scope 1), GRI 305-1-a (formerly G4-EN15-a)",AP Moller - Maersk,2017,35579000,https://wikirate.org/~3362432,,
"Global Reporting Initiative+Indirect greenhouse gas (GHG) emissions (Scope 2), GRI 305-2 (formerly G4-EN16-a)",AP Moller - Maersk,2017,402000,https://wikirate.org/~3362432,,
"Global Reporting Initiative+Direct greenhouse gas (GHG) emissions (Scope 1), GRI 305-1-a (formerly G4-EN15-a)",AP Moller - Maersk,2016,35917000,https://wikirate.org/~3362432,,
"Global Reporting Initiative+Indirect greenhouse gas (GHG) emissions (Scope 2), GRI 305-2 (formerly G4-EN16-a)",AP Moller - Maersk,2016,252000,https://wikirate.org/~3362432,,
Scope_2_location,AP Moller - Maersk,2020,324000,https://www.maersk.com/~/media_sc9/maersk/corporate/sustainability/files/resources/2022/maersk-sustainability-report_2022.pdf,new,
Scope_2_location,AP Moller - Maersk,2021,351000,https://www.maersk.com/~/media_sc9/maersk/corporate/sustainability/files/resources/2022/maersk-sustainability-report_2022.pdf,new,
Scope_2_location,AP Moller - Maersk,2022,356000,https://www.maersk.com/~/media_sc9/maersk/corporate/sustainability/files/resources/2022/maersk-sustainability-report_2022.pdf,new,
"Global Reporting Initiative+Direct greenhouse gas (GHG) emissions (Scope 1), GRI 305-1-a (formerly G4-EN15-a)",AP Moller - Maersk,2022,34150000,https://www.maersk.com/~/media_sc9/maersk/corporate/sustainability/files/resources/2022/maersk-sustainability-report_2022.pdf,new,
"Global Reporting Initiative+Indirect greenhouse gas (GHG) emissions (Scope 3), GRI 305-3 (formerly G4-EN17-a)",AP Moller - Maersk,2022,43451000,https://www.maersk.com/~/media_sc9/maersk/corporate/sustainability/files/resources/2022/maersk-sustainability-report_2022.pdf,new,
